{
  "best_speed": 0.013297872759107479,
  "motion_type": "soliton",
  "best_params": {
    "1": [
      -0.07731606499132024,
      0.21658899154492064,
      0.4809700269964239,
      1.3976979752252299
    ],
    "3": [
      0.6748654552142712,
      0.13034140676107775,
      0.48649517671160347,
      0.9671971107772346
    ],
    "6": [
      0.0040791159936395815,
      0.12213547075723291,
      0.1691060999466799,
      0.8624144869344004
    ],
    "8": [
      -0.9939020478176214,
      0.1959615427861317,
      0.2016366740299995,
      1.622479045711264
    ],
    "11": [
      -0.26311746191377844,
      0.13348475581754496,
      0.19364785060793865,
      1.1593212729472075
    ],
    "13": [
      -1.0660392882684488,
      0.12036343255763667,
      0.23041923693925145,
      1.6083146113491864
    ],
    "16": [
      -0.12576116309272078,
      0.16295219741139053,
      0.222578742471692,
      2.6440767332432156
    ],
    "18": [
      0.7547280812345498,
      0.12770118139079928,
      0.3597520548651788,
      0.9109011614801441
    ]
  },
  "joint_info": {
    "0": {
      "name": "jointfix_3_0",
      "type": 4,
      "lower_limit": 0.0,
      "upper_limit": -1.0
    },
    "1": {
      "name": "hip_1",
      "type": 0,
      "lower_limit": -0.5235987901687622,
      "upper_limit": 0.5235987901687622
    },
    "2": {
      "name": "jointfix_2_3",
      "type": 4,
      "lower_limit": 0.0,
      "upper_limit": -1.0
    },
    "3": {
      "name": "ankle_1",
      "type": 0,
      "lower_limit": 0.5235987901687622,
      "upper_limit": 1.2217305898666382
    },
    "4": {
      "name": "jointfix_1_5",
      "type": 4,
      "lower_limit": 0.0,
      "upper_limit": -1.0
    },
    "5": {
      "name": "jointfix_7_0",
      "type": 4,
      "lower_limit": 0.0,
      "upper_limit": -1.0
    },
    "6": {
      "name": "hip_2",
      "type": 0,
      "lower_limit": -0.5235987901687622,
      "upper_limit": 0.5235987901687622
    },
    "7": {
      "name": "jointfix_6_8",
      "type": 4,
      "lower_limit": 0.0,
      "upper_limit": -1.0
    },
    "8": {
      "name": "ankle_2",
      "type": 0,
      "lower_limit": -1.2217305898666382,
      "upper_limit": -0.5235987901687622
    },
    "9": {
      "name": "jointfix_5_10",
      "type": 4,
      "lower_limit": 0.0,
      "upper_limit": -1.0
    },
    "10": {
      "name": "jointfix_11_0",
      "type": 4,
      "lower_limit": 0.0,
      "upper_limit": -1.0
    },
    "11": {
      "name": "hip_3",
      "type": 0,
      "lower_limit": -0.5235987901687622,
      "upper_limit": 0.5235987901687622
    },
    "12": {
      "name": "jointfix_10_13",
      "type": 4,
      "lower_limit": 0.0,
      "upper_limit": -1.0
    },
    "13": {
      "name": "ankle_3",
      "type": 0,
      "lower_limit": -1.2217305898666382,
      "upper_limit": -0.5235987901687622
    },
    "14": {
      "name": "jointfix_9_15",
      "type": 4,
      "lower_limit": 0.0,
      "upper_limit": -1.0
    },
    "15": {
      "name": "jointfix_15_0",
      "type": 4,
      "lower_limit": 0.0,
      "upper_limit": -1.0
    },
    "16": {
      "name": "hip_4",
      "type": 0,
      "lower_limit": -0.5235987901687622,
      "upper_limit": 0.5235987901687622
    },
    "17": {
      "name": "jointfix_14_18",
      "type": 4,
      "lower_limit": 0.0,
      "upper_limit": -1.0
    },
    "18": {
      "name": "ankle_4",
      "type": 0,
      "lower_limit": 0.5235987901687622,
      "upper_limit": 1.2217305898666382
    },
    "19": {
      "name": "jointfix_13_20",
      "type": 4,
      "lower_limit": 0.0,
      "upper_limit": -1.0
    }
  },
  "learning_history": [
    0.0003247296486110637,
    0.0075954138240808405,
    0.0075954138240808405,
    0.011086972491531288,
    0.011086972491531288,
    0.011086972491531288,
    0.011086972491531288,
    0.011086972491531288,
    0.013297872759107479,
    0.013297872759107479,
    0.013297872759107479,
    0.013297872759107479,
    0.013297872759107479,
    0.013297872759107479,
    0.013297872759107479,
    0.013297872759107479,
    0.013297872759107479,
    0.013297872759107479,
    0.013297872759107479,
    0.013297872759107479,
    0.013297872759107479,
    0.013297872759107479,
    0.013297872759107479,
    0.013297872759107479,
    0.013297872759107479,
    0.013297872759107479,
    0.013297872759107479,
    0.013297872759107479,
    0.013297872759107479,
    0.013297872759107479,
    0.013297872759107479
  ]
}