{
  "best_fitness": 4.24606637921673,
  "best_params": {
    "1": [
      0.0030338354185600186,
      0.4120303540853193,
      2.350965273467704
    ],
    "3": [
      1.1080479869216522,
      0.3416377764390492,
      3.55083970579752
    ],
    "6": [
      0.38418703613343885,
      0.42338565018423774,
      1.9830455835108056
    ],
    "8": [
      -0.8347807277186629,
      0.14607316358515596,
      0.9871613414680498
    ],
    "11": [
      -0.16964289161262527,
      0.3966082294270406,
      4.503914741003577
    ],
    "13": [
      -0.8470047208701353,
      0.15013427574468746,
      3.49736006841451
    ],
    "16": [
      -0.07694376796367854,
      0.29483507485810934,
      1.5273634799955118
    ],
    "18": [
      0.8068326829186083,
      0.31030712033498625,
      5.970168461203525
    ]
  },
  "joint_info": {
    "0": {
      "name": "jointfix_3_0",
      "type": 4,
      "lower_limit": 0.0,
      "upper_limit": -1.0
    },
    "1": {
      "name": "hip_1",
      "type": 0,
      "lower_limit": -0.5235987901687622,
      "upper_limit": 0.5235987901687622
    },
    "2": {
      "name": "jointfix_2_3",
      "type": 4,
      "lower_limit": 0.0,
      "upper_limit": -1.0
    },
    "3": {
      "name": "ankle_1",
      "type": 0,
      "lower_limit": 0.5235987901687622,
      "upper_limit": 1.2217305898666382
    },
    "4": {
      "name": "jointfix_1_5",
      "type": 4,
      "lower_limit": 0.0,
      "upper_limit": -1.0
    },
    "5": {
      "name": "jointfix_7_0",
      "type": 4,
      "lower_limit": 0.0,
      "upper_limit": -1.0
    },
    "6": {
      "name": "hip_2",
      "type": 0,
      "lower_limit": -0.5235987901687622,
      "upper_limit": 0.5235987901687622
    },
    "7": {
      "name": "jointfix_6_8",
      "type": 4,
      "lower_limit": 0.0,
      "upper_limit": -1.0
    },
    "8": {
      "name": "ankle_2",
      "type": 0,
      "lower_limit": -1.2217305898666382,
      "upper_limit": -0.5235987901687622
    },
    "9": {
      "name": "jointfix_5_10",
      "type": 4,
      "lower_limit": 0.0,
      "upper_limit": -1.0
    },
    "10": {
      "name": "jointfix_11_0",
      "type": 4,
      "lower_limit": 0.0,
      "upper_limit": -1.0
    },
    "11": {
      "name": "hip_3",
      "type": 0,
      "lower_limit": -0.5235987901687622,
      "upper_limit": 0.5235987901687622
    },
    "12": {
      "name": "jointfix_10_13",
      "type": 4,
      "lower_limit": 0.0,
      "upper_limit": -1.0
    },
    "13": {
      "name": "ankle_3",
      "type": 0,
      "lower_limit": -1.2217305898666382,
      "upper_limit": -0.5235987901687622
    },
    "14": {
      "name": "jointfix_9_15",
      "type": 4,
      "lower_limit": 0.0,
      "upper_limit": -1.0
    },
    "15": {
      "name": "jointfix_15_0",
      "type": 4,
      "lower_limit": 0.0,
      "upper_limit": -1.0
    },
    "16": {
      "name": "hip_4",
      "type": 0,
      "lower_limit": -0.5235987901687622,
      "upper_limit": 0.5235987901687622
    },
    "17": {
      "name": "jointfix_14_18",
      "type": 4,
      "lower_limit": 0.0,
      "upper_limit": -1.0
    },
    "18": {
      "name": "ankle_4",
      "type": 0,
      "lower_limit": 0.5235987901687622,
      "upper_limit": 1.2217305898666382
    },
    "19": {
      "name": "jointfix_13_20",
      "type": 4,
      "lower_limit": 0.0,
      "upper_limit": -1.0
    }
  },
  "learning_history": [
    0.7034197961472649,
    0.6955351968723468,
    0.6838941223450862,
    0.6391682723132304,
    0.8767799494499178,
    0.6569409400521589,
    0.6702310511643859,
    0.6550496924709522,
    0.6403179899835495,
    0.6479883342802076,
    0.7067007184942526,
    0.7156396125997172,
    0.836203901278954,
    0.9090846534069932,
    0.9117522674016472,
    0.9118743822926385,
    0.9130297102561448,
    0.8885248037076996,
    0.9161898044480584,
    0.9485508509872843,
    0.9102967938457367,
    0.9312415793030512,
    0.9592610648252344,
    0.9273595647570327,
    0.9542361381982519,
    1.0552303634535112,
    1.1815576176887288,
    1.0533013929014032,
    1.0993789621603136,
    1.242025063769298,
    1.3633309516452692,
    1.554137979190975,
    1.3009490246579614,
    1.3142653188887696,
    1.7699146592026638,
    1.6708758348724901,
    1.6887223611028375,
    1.7877775096723394,
    2.3500037154575724,
    2.3549275589486998,
    1.789967897531113,
    2.2453639094188067,
    2.012053862916109,
    2.975482106974861,
    2.426458824160861,
    2.036567737632923,
    4.24606637921673,
    2.710288086751256,
    2.5180657164190334,
    2.25758346205752,
    1.892117359817654
  ]
}