{
  "best_speed": 0.26302464700355943,
  "best_params": {
    "1": [
      0.3148592286738117,
      0.44878470588143127,
      2.223112282728968
    ],
    "3": [
      0.8388934776979274,
      0.22759391066950435,
      4.244437526854449
    ],
    "6": [
      0.24488228692422745,
      0.32064122474071843,
      2.567027186972825
    ],
    "8": [
      -0.578117659667909,
      0.2465486568547851,
      2.739457133454716
    ],
    "11": [
      -0.015050409554445865,
      0.16615788417374727,
      4.463006172720113
    ],
    "13": [
      -0.8384303743077206,
      0.18871815203680947,
      2.4655142419762246
    ],
    "16": [
      0.38452637983670457,
      0.1875335078156103,
      1.6541406950459763
    ],
    "18": [
      0.9526300231475668,
      0.20155363505865323,
      3.3457372204264115
    ]
  },
  "joint_info": {
    "0": {
      "name": "jointfix_3_0",
      "type": 4,
      "lower_limit": 0.0,
      "upper_limit": -1.0
    },
    "1": {
      "name": "hip_1",
      "type": 0,
      "lower_limit": -0.5235987901687622,
      "upper_limit": 0.5235987901687622
    },
    "2": {
      "name": "jointfix_2_3",
      "type": 4,
      "lower_limit": 0.0,
      "upper_limit": -1.0
    },
    "3": {
      "name": "ankle_1",
      "type": 0,
      "lower_limit": 0.5235987901687622,
      "upper_limit": 1.2217305898666382
    },
    "4": {
      "name": "jointfix_1_5",
      "type": 4,
      "lower_limit": 0.0,
      "upper_limit": -1.0
    },
    "5": {
      "name": "jointfix_7_0",
      "type": 4,
      "lower_limit": 0.0,
      "upper_limit": -1.0
    },
    "6": {
      "name": "hip_2",
      "type": 0,
      "lower_limit": -0.5235987901687622,
      "upper_limit": 0.5235987901687622
    },
    "7": {
      "name": "jointfix_6_8",
      "type": 4,
      "lower_limit": 0.0,
      "upper_limit": -1.0
    },
    "8": {
      "name": "ankle_2",
      "type": 0,
      "lower_limit": -1.2217305898666382,
      "upper_limit": -0.5235987901687622
    },
    "9": {
      "name": "jointfix_5_10",
      "type": 4,
      "lower_limit": 0.0,
      "upper_limit": -1.0
    },
    "10": {
      "name": "jointfix_11_0",
      "type": 4,
      "lower_limit": 0.0,
      "upper_limit": -1.0
    },
    "11": {
      "name": "hip_3",
      "type": 0,
      "lower_limit": -0.5235987901687622,
      "upper_limit": 0.5235987901687622
    },
    "12": {
      "name": "jointfix_10_13",
      "type": 4,
      "lower_limit": 0.0,
      "upper_limit": -1.0
    },
    "13": {
      "name": "ankle_3",
      "type": 0,
      "lower_limit": -1.2217305898666382,
      "upper_limit": -0.5235987901687622
    },
    "14": {
      "name": "jointfix_9_15",
      "type": 4,
      "lower_limit": 0.0,
      "upper_limit": -1.0
    },
    "15": {
      "name": "jointfix_15_0",
      "type": 4,
      "lower_limit": 0.0,
      "upper_limit": -1.0
    },
    "16": {
      "name": "hip_4",
      "type": 0,
      "lower_limit": -0.5235987901687622,
      "upper_limit": 0.5235987901687622
    },
    "17": {
      "name": "jointfix_14_18",
      "type": 4,
      "lower_limit": 0.0,
      "upper_limit": -1.0
    },
    "18": {
      "name": "ankle_4",
      "type": 0,
      "lower_limit": 0.5235987901687622,
      "upper_limit": 1.2217305898666382
    },
    "19": {
      "name": "jointfix_13_20",
      "type": 4,
      "lower_limit": 0.0,
      "upper_limit": -1.0
    }
  },
  "learning_history": [
    0.021833559259901388,
    0.021833559259901388,
    0.1347092554318362,
    0.16890085669536242,
    0.16890085669536242,
    0.16890085669536242,
    0.16890085669536242,
    0.16890085669536242,
    0.16890085669536242,
    0.17248059067611776,
    0.176364475020445,
    0.176364475020445,
    0.176364475020445,
    0.176364475020445,
    0.20025844536697407,
    0.20025844536697407,
    0.20025844536697407,
    0.21398594178757158,
    0.21398594178757158,
    0.24018602969918734,
    0.24018602969918734,
    0.2547235588434328,
    0.2547235588434328,
    0.2547235588434328,
    0.2547235588434328,
    0.2547235588434328,
    0.2547235588434328,
    0.2551239949885567,
    0.26152357767545487,
    0.26152357767545487,
    0.26302464700355943
  ]
}