{
  "best_fitness": -0.7612616532950479,
  "best_params": {
    "1": [
      0.07459883548269125,
      0.5967547307994913,
      3.5758163889126435,
      0.8900073922336209
    ],
    "3": [
      0.8726646900177002,
      0.2939193605469778,
      1.735141879345174,
      1.276631040028764
    ],
    "6": [
      0.04242904957430245,
      0.4630942057697222,
      3.382889167900677,
      1.0949303499934135
    ],
    "8": [
      -0.8726646900177002,
      0.2355109724242986,
      2.9402258057988258,
      0.5386925243319496
    ],
    "11": [
      0.0,
      0.5815918082641576,
      5.960476613586893,
      0.9206267625176578
    ],
    "13": [
      -0.8726646900177002,
      0.2570665685866436,
      2.22744154026763,
      1.86408533699908
    ],
    "16": [
      -0.010065644851143975,
      0.3336315181143577,
      1.011344503365243,
      1.859588350706172
    ],
    "18": [
      0.8863222020988007,
      0.43711951477459016,
      0.7343777858145064,
      1.7833129874721734
    ]
  },
  "joint_info": {
    "0": {
      "name": "jointfix_3_0",
      "type": 4,
      "lower_limit": 0.0,
      "upper_limit": -1.0
    },
    "1": {
      "name": "hip_1",
      "type": 0,
      "lower_limit": -0.5235987901687622,
      "upper_limit": 0.5235987901687622
    },
    "2": {
      "name": "jointfix_2_3",
      "type": 4,
      "lower_limit": 0.0,
      "upper_limit": -1.0
    },
    "3": {
      "name": "ankle_1",
      "type": 0,
      "lower_limit": 0.5235987901687622,
      "upper_limit": 1.2217305898666382
    },
    "4": {
      "name": "jointfix_1_5",
      "type": 4,
      "lower_limit": 0.0,
      "upper_limit": -1.0
    },
    "5": {
      "name": "jointfix_7_0",
      "type": 4,
      "lower_limit": 0.0,
      "upper_limit": -1.0
    },
    "6": {
      "name": "hip_2",
      "type": 0,
      "lower_limit": -0.5235987901687622,
      "upper_limit": 0.5235987901687622
    },
    "7": {
      "name": "jointfix_6_8",
      "type": 4,
      "lower_limit": 0.0,
      "upper_limit": -1.0
    },
    "8": {
      "name": "ankle_2",
      "type": 0,
      "lower_limit": -1.2217305898666382,
      "upper_limit": -0.5235987901687622
    },
    "9": {
      "name": "jointfix_5_10",
      "type": 4,
      "lower_limit": 0.0,
      "upper_limit": -1.0
    },
    "10": {
      "name": "jointfix_11_0",
      "type": 4,
      "lower_limit": 0.0,
      "upper_limit": -1.0
    },
    "11": {
      "name": "hip_3",
      "type": 0,
      "lower_limit": -0.5235987901687622,
      "upper_limit": 0.5235987901687622
    },
    "12": {
      "name": "jointfix_10_13",
      "type": 4,
      "lower_limit": 0.0,
      "upper_limit": -1.0
    },
    "13": {
      "name": "ankle_3",
      "type": 0,
      "lower_limit": -1.2217305898666382,
      "upper_limit": -0.5235987901687622
    },
    "14": {
      "name": "jointfix_9_15",
      "type": 4,
      "lower_limit": 0.0,
      "upper_limit": -1.0
    },
    "15": {
      "name": "jointfix_15_0",
      "type": 4,
      "lower_limit": 0.0,
      "upper_limit": -1.0
    },
    "16": {
      "name": "hip_4",
      "type": 0,
      "lower_limit": -0.5235987901687622,
      "upper_limit": 0.5235987901687622
    },
    "17": {
      "name": "jointfix_14_18",
      "type": 4,
      "lower_limit": 0.0,
      "upper_limit": -1.0
    },
    "18": {
      "name": "ankle_4",
      "type": 0,
      "lower_limit": 0.5235987901687622,
      "upper_limit": 1.2217305898666382
    },
    "19": {
      "name": "jointfix_13_20",
      "type": 4,
      "lower_limit": 0.0,
      "upper_limit": -1.0
    }
  },
  "learning_history": [
    -0.9396172600756164,
    -0.9396172600756164,
    -0.9396172600756164,
    -0.9396172600756164,
    -0.9396172600756164,
    -0.9396172600756164,
    -0.9396172600756164,
    -0.8593229921078644,
    -0.8593229921078644,
    -0.8593229921078644,
    -0.8593229921078644,
    -0.8250626541602151,
    -0.8250626541602151,
    -0.7612616532950479,
    -0.7612616532950479,
    -0.7612616532950479,
    -0.7612616532950479,
    -0.7612616532950479,
    -0.7612616532950479,
    -0.7612616532950479,
    -0.7612616532950479,
    -0.7612616532950479,
    -0.7612616532950479,
    -0.7612616532950479,
    -0.7612616532950479,
    -0.7612616532950479,
    -0.7612616532950479,
    -0.7612616532950479,
    -0.7612616532950479,
    -0.7612616532950479,
    -0.7612616532950479,
    -0.7612616532950479,
    -0.7612616532950479,
    -0.7612616532950479,
    -0.7612616532950479,
    -0.7612616532950479,
    -0.7612616532950479,
    -0.7612616532950479,
    -0.7612616532950479,
    -0.7612616532950479,
    -0.7612616532950479
  ],
  "cube_position": [
    3,
    0,
    0.5
  ]
}