{
  "best_fitness": 0.6108136937291325,
  "best_params": {
    "1": [
      0.26980205061411056,
      0.2992844322879952,
      6.103672548133737
    ],
    "3": [
      0.7430459545696417,
      0.25637001253989067,
      1.2538562789569674
    ],
    "6": [
      -0.09781732982442903,
      0.3713354821849357,
      2.254381914970248
    ],
    "8": [
      -0.6736229541102106,
      0.10768996654575384,
      3.245358813599677
    ],
    "11": [
      0.037237812084862765,
      0.16130554308341521,
      5.627946442080845
    ],
    "13": [
      -1.0191947899708118,
      0.13697995094171855,
      3.1704579425448625
    ],
    "16": [
      0.09339884660765183,
      0.29517981390071835,
      3.3449278566261134
    ],
    "18": [
      0.957671573368664,
      0.07256349631185292,
      3.9478996840778766
    ]
  },
  "joint_info": {
    "0": {
      "name": "jointfix_3_0",
      "type": 4,
      "lower_limit": 0.0,
      "upper_limit": -1.0
    },
    "1": {
      "name": "hip_1",
      "type": 0,
      "lower_limit": -0.5235987901687622,
      "upper_limit": 0.5235987901687622
    },
    "2": {
      "name": "jointfix_2_3",
      "type": 4,
      "lower_limit": 0.0,
      "upper_limit": -1.0
    },
    "3": {
      "name": "ankle_1",
      "type": 0,
      "lower_limit": 0.5235987901687622,
      "upper_limit": 1.2217305898666382
    },
    "4": {
      "name": "jointfix_1_5",
      "type": 4,
      "lower_limit": 0.0,
      "upper_limit": -1.0
    },
    "5": {
      "name": "jointfix_7_0",
      "type": 4,
      "lower_limit": 0.0,
      "upper_limit": -1.0
    },
    "6": {
      "name": "hip_2",
      "type": 0,
      "lower_limit": -0.5235987901687622,
      "upper_limit": 0.5235987901687622
    },
    "7": {
      "name": "jointfix_6_8",
      "type": 4,
      "lower_limit": 0.0,
      "upper_limit": -1.0
    },
    "8": {
      "name": "ankle_2",
      "type": 0,
      "lower_limit": -1.2217305898666382,
      "upper_limit": -0.5235987901687622
    },
    "9": {
      "name": "jointfix_5_10",
      "type": 4,
      "lower_limit": 0.0,
      "upper_limit": -1.0
    },
    "10": {
      "name": "jointfix_11_0",
      "type": 4,
      "lower_limit": 0.0,
      "upper_limit": -1.0
    },
    "11": {
      "name": "hip_3",
      "type": 0,
      "lower_limit": -0.5235987901687622,
      "upper_limit": 0.5235987901687622
    },
    "12": {
      "name": "jointfix_10_13",
      "type": 4,
      "lower_limit": 0.0,
      "upper_limit": -1.0
    },
    "13": {
      "name": "ankle_3",
      "type": 0,
      "lower_limit": -1.2217305898666382,
      "upper_limit": -0.5235987901687622
    },
    "14": {
      "name": "jointfix_9_15",
      "type": 4,
      "lower_limit": 0.0,
      "upper_limit": -1.0
    },
    "15": {
      "name": "jointfix_15_0",
      "type": 4,
      "lower_limit": 0.0,
      "upper_limit": -1.0
    },
    "16": {
      "name": "hip_4",
      "type": 0,
      "lower_limit": -0.5235987901687622,
      "upper_limit": 0.5235987901687622
    },
    "17": {
      "name": "jointfix_14_18",
      "type": 4,
      "lower_limit": 0.0,
      "upper_limit": -1.0
    },
    "18": {
      "name": "ankle_4",
      "type": 0,
      "lower_limit": 0.5235987901687622,
      "upper_limit": 1.2217305898666382
    },
    "19": {
      "name": "jointfix_13_20",
      "type": 4,
      "lower_limit": 0.0,
      "upper_limit": -1.0
    }
  },
  "learning_history": [
    0.5051723273404543,
    0.5051723273404543,
    0.5051723273404543,
    0.5051723273404543,
    0.5051723273404543,
    0.5051723273404543,
    0.5051723273404543,
    0.5051723273404543,
    0.5051723273404543,
    0.5194867221393878,
    0.5194867221393878,
    0.5938804479050258,
    0.5938804479050258,
    0.5938804479050258,
    0.5938804479050258,
    0.5938804479050258,
    0.5938804479050258,
    0.5938804479050258,
    0.5938804479050258,
    0.5938804479050258,
    0.5938804479050258,
    0.5938804479050258,
    0.5938804479050258,
    0.5938804479050258,
    0.5938804479050258,
    0.5938804479050258,
    0.5938804479050258,
    0.5938804479050258,
    0.5938804479050258,
    0.5938804479050258,
    0.5938804479050258,
    0.5938804479050258,
    0.5938804479050258,
    0.5938804479050258,
    0.5938804479050258,
    0.5938804479050258,
    0.5938804479050258,
    0.5938804479050258,
    0.5938804479050258,
    0.5938804479050258,
    0.6108136937291325,
    0.6108136937291325,
    0.6108136937291325,
    0.6108136937291325,
    0.6108136937291325,
    0.6108136937291325,
    0.6108136937291325,
    0.6108136937291325,
    0.6108136937291325,
    0.6108136937291325,
    0.6108136937291325,
    0.6108136937291325,
    0.6108136937291325,
    0.6108136937291325,
    0.6108136937291325,
    0.6108136937291325,
    0.6108136937291325,
    0.6108136937291325,
    0.6108136937291325,
    0.6108136937291325,
    0.6108136937291325,
    0.6108136937291325,
    0.6108136937291325,
    0.6108136937291325,
    0.6108136937291325,
    0.6108136937291325,
    0.6108136937291325,
    0.6108136937291325,
    0.6108136937291325,
    0.6108136937291325,
    0.6108136937291325,
    0.6108136937291325,
    0.6108136937291325,
    0.6108136937291325,
    0.6108136937291325,
    0.6108136937291325,
    0.6108136937291325,
    0.6108136937291325,
    0.6108136937291325,
    0.6108136937291325,
    0.6108136937291325,
    0.6108136937291325,
    0.6108136937291325,
    0.6108136937291325,
    0.6108136937291325,
    0.6108136937291325,
    0.6108136937291325,
    0.6108136937291325,
    0.6108136937291325,
    0.6108136937291325,
    0.6108136937291325,
    0.6108136937291325,
    0.6108136937291325,
    0.6108136937291325,
    0.6108136937291325,
    0.6108136937291325,
    0.6108136937291325,
    0.6108136937291325,
    0.6108136937291325,
    0.6108136937291325,
    0.6108136937291325,
    0.6108136937291325,
    0.6108136937291325,
    0.6108136937291325,
    0.6108136937291325,
    0.6108136937291325,
    0.6108136937291325,
    0.6108136937291325,
    0.6108136937291325,
    0.6108136937291325,
    0.6108136937291325,
    0.6108136937291325,
    0.6108136937291325,
    0.6108136937291325,
    0.6108136937291325,
    0.6108136937291325,
    0.6108136937291325,
    0.6108136937291325,
    0.6108136937291325,
    0.6108136937291325,
    0.6108136937291325,
    0.6108136937291325,
    0.6108136937291325,
    0.6108136937291325,
    0.6108136937291325,
    0.6108136937291325,
    0.6108136937291325,
    0.6108136937291325,
    0.6108136937291325,
    0.6108136937291325,
    0.6108136937291325,
    0.6108136937291325,
    0.6108136937291325,
    0.6108136937291325,
    0.6108136937291325,
    0.6108136937291325,
    0.6108136937291325,
    0.6108136937291325,
    0.6108136937291325,
    0.6108136937291325,
    0.6108136937291325,
    0.6108136937291325,
    0.6108136937291325,
    0.6108136937291325,
    0.6108136937291325,
    0.6108136937291325,
    0.6108136937291325,
    0.6108136937291325,
    0.6108136937291325,
    0.6108136937291325,
    0.6108136937291325,
    0.6108136937291325,
    0.6108136937291325,
    0.6108136937291325,
    0.6108136937291325,
    0.6108136937291325,
    0.6108136937291325,
    0.6108136937291325,
    0.6108136937291325,
    0.6108136937291325,
    0.6108136937291325,
    0.6108136937291325,
    0.6108136937291325,
    0.6108136937291325,
    0.6108136937291325,
    0.6108136937291325,
    0.6108136937291325,
    0.6108136937291325,
    0.6108136937291325,
    0.6108136937291325,
    0.6108136937291325,
    0.6108136937291325,
    0.6108136937291325,
    0.6108136937291325,
    0.6108136937291325,
    0.6108136937291325,
    0.6108136937291325,
    0.6108136937291325,
    0.6108136937291325,
    0.6108136937291325,
    0.6108136937291325,
    0.6108136937291325,
    0.6108136937291325,
    0.6108136937291325,
    0.6108136937291325,
    0.6108136937291325,
    0.6108136937291325,
    0.6108136937291325,
    0.6108136937291325,
    0.6108136937291325,
