{
  "best_fitness": 0.8185863489730504,
  "best_params": {
    "1": [
      -0.3664422325276532,
      0.28488123171934243,
      0.818664520011711
    ],
    "3": [
      1.0573253194266399,
      0.16444221857735186,
      2.696351166943481
    ],
    "6": [
      0.09484679069789845,
      0.13899379798670225,
      2.053948246757691
    ],
    "8": [
      -0.9882264356961109,
      0.08963106482980766,
      3.430476759164626
    ],
    "11": [
      -0.3816889958746974,
      0.2705471667684177,
      2.0510899094323762
    ],
    "13": [
      -1.1032528042385328,
      0.19017671192171057,
      3.7082100174787263
    ],
    "16": [
      -0.0003165607972857032,
      0.3249285894348039,
      5.77446625043848
    ],
    "18": [
      0.6290782467059598,
      0.16209888905038278,
      2.7594873767225296
    ]
  },
  "joint_info": {
    "0": {
      "name": "jointfix_3_0",
      "type": 4,
      "lower_limit": 0.0,
      "upper_limit": -1.0
    },
    "1": {
      "name": "hip_1",
      "type": 0,
      "lower_limit": -0.5235987901687622,
      "upper_limit": 0.5235987901687622
    },
    "2": {
      "name": "jointfix_2_3",
      "type": 4,
      "lower_limit": 0.0,
      "upper_limit": -1.0
    },
    "3": {
      "name": "ankle_1",
      "type": 0,
      "lower_limit": 0.5235987901687622,
      "upper_limit": 1.2217305898666382
    },
    "4": {
      "name": "jointfix_1_5",
      "type": 4,
      "lower_limit": 0.0,
      "upper_limit": -1.0
    },
    "5": {
      "name": "jointfix_7_0",
      "type": 4,
      "lower_limit": 0.0,
      "upper_limit": -1.0
    },
    "6": {
      "name": "hip_2",
      "type": 0,
      "lower_limit": -0.5235987901687622,
      "upper_limit": 0.5235987901687622
    },
    "7": {
      "name": "jointfix_6_8",
      "type": 4,
      "lower_limit": 0.0,
      "upper_limit": -1.0
    },
    "8": {
      "name": "ankle_2",
      "type": 0,
      "lower_limit": -1.2217305898666382,
      "upper_limit": -0.5235987901687622
    },
    "9": {
      "name": "jointfix_5_10",
      "type": 4,
      "lower_limit": 0.0,
      "upper_limit": -1.0
    },
    "10": {
      "name": "jointfix_11_0",
      "type": 4,
      "lower_limit": 0.0,
      "upper_limit": -1.0
    },
    "11": {
      "name": "hip_3",
      "type": 0,
      "lower_limit": -0.5235987901687622,
      "upper_limit": 0.5235987901687622
    },
    "12": {
      "name": "jointfix_10_13",
      "type": 4,
      "lower_limit": 0.0,
      "upper_limit": -1.0
    },
    "13": {
      "name": "ankle_3",
      "type": 0,
      "lower_limit": -1.2217305898666382,
      "upper_limit": -0.5235987901687622
    },
    "14": {
      "name": "jointfix_9_15",
      "type": 4,
      "lower_limit": 0.0,
      "upper_limit": -1.0
    },
    "15": {
      "name": "jointfix_15_0",
      "type": 4,
      "lower_limit": 0.0,
      "upper_limit": -1.0
    },
    "16": {
      "name": "hip_4",
      "type": 0,
      "lower_limit": -0.5235987901687622,
      "upper_limit": 0.5235987901687622
    },
    "17": {
      "name": "jointfix_14_18",
      "type": 4,
      "lower_limit": 0.0,
      "upper_limit": -1.0
    },
    "18": {
      "name": "ankle_4",
      "type": 0,
      "lower_limit": 0.5235987901687622,
      "upper_limit": 1.2217305898666382
    },
    "19": {
      "name": "jointfix_13_20",
      "type": 4,
      "lower_limit": 0.0,
      "upper_limit": -1.0
    }
  },
  "learning_history": [
    0.497837172437361,
    0.5821075218973262,
    0.5821075218973262,
    0.5821075218973262,
    0.5821075218973262,
    0.5821075218973262,
    0.5821075218973262,
    0.5821075218973262,
    0.5821075218973262,
    0.5821075218973262,
    0.5821075218973262,
    0.5821075218973262,
    0.5821075218973262,
    0.5821075218973262,
    0.5821075218973262,
    0.5876510819489539,
    0.6071247478932285,
    0.6085433420292735,
    0.6085433420292735,
    0.6085433420292735,
    0.7063915910373592,
    0.7063915910373592,
    0.7063915910373592,
    0.7063915910373592,
    0.7063915910373592,
    0.7063915910373592,
    0.7063915910373592,
    0.7063915910373592,
    0.7063915910373592,
    0.7063915910373592,
    0.715897377815177,
    0.715897377815177,
    0.715897377815177,
    0.715897377815177,
    0.715897377815177,
    0.715897377815177,
    0.715897377815177,
    0.715897377815177,
    0.715897377815177,
    0.715897377815177,
    0.715897377815177,
    0.715897377815177,
    0.715897377815177,
    0.715897377815177,
    0.715897377815177,
    0.715897377815177,
    0.715897377815177,
    0.715897377815177,
    0.715897377815177,
    0.715897377815177,
    0.715897377815177,
    0.715897377815177,
    0.715897377815177,
    0.715897377815177,
    0.715897377815177,
    0.715897377815177,
    0.715897377815177,
    0.715897377815177,
    0.715897377815177,
    0.715897377815177,
    0.715897377815177,
    0.715897377815177,
    0.715897377815177,
    0.715897377815177,
    0.715897377815177,
    0.715897377815177,
    0.715897377815177,
    0.715897377815177,
    0.715897377815177,
    0.715897377815177,
    0.715897377815177,
    0.715897377815177,
    0.715897377815177,
    0.715897377815177,
    0.715897377815177,
    0.715897377815177,
    0.715897377815177,
    0.715897377815177,
    0.715897377815177,
    0.715897377815177,
    0.715897377815177,
    0.715897377815177,
    0.715897377815177,
    0.715897377815177,
    0.715897377815177,
    0.715897377815177,
    0.715897377815177,
    0.715897377815177,
    0.715897377815177,
    0.715897377815177,
    0.7645338338305102,
    0.7645338338305102,
    0.7645338338305102,
    0.7645338338305102,
    0.7645338338305102,
    0.7645338338305102,
    0.7645338338305102,
    0.7645338338305102,
    0.7645338338305102,
    0.7645338338305102,
    0.7645338338305102,
    0.8001420514772087,
    0.8001420514772087,
    0.8001420514772087,
    0.8001420514772087,
    0.8001420514772087,
    0.8001420514772087,
    0.8001420514772087,
    0.8001420514772087,
    0.8001420514772087,
    0.8001420514772087,
    0.8001420514772087,
    0.8001420514772087,
    0.8001420514772087,
    0.8001420514772087,
    0.8001420514772087,
    0.8001420514772087,
    0.8001420514772087,
    0.8001420514772087,
    0.8001420514772087,
    0.8001420514772087,
    0.8001420514772087,
    0.8001420514772087,
    0.8001420514772087,
    0.8001420514772087,
    0.8001420514772087,
    0.8033362203596814,
    0.8033362203596814,
    0.8033362203596814,
    0.8033362203596814,
    0.8033362203596814,
    0.8033362203596814,
    0.8033362203596814,
    0.8033362203596814,
    0.8033362203596814,
    0.8033362203596814,
    0.8033362203596814,
    0.8033362203596814,
    0.8033362203596814,
    0.8033362203596814,
    0.8033362203596814,
    0.8033362203596814,
    0.8033362203596814,
    0.8033362203596814,
    0.8033362203596814,
    0.8033362203596814,
    0.8033362203596814,
    0.8033362203596814,
    0.8033362203596814,
    0.8033362203596814,
    0.8033362203596814,
    0.8033362203596814,
    0.8185863489730504,
    0.8185863489730504,
    0.8185863489730504,
    0.8185863489730504,
    0.8185863489730504,
    0.8185863489730504,
    0.8185863489730504,
    0.8185863489730504,
    0.8185863489730504,
    0.8185863489730504,
    0.8185863489730504,
    0.8185863489730504,
    0.8185863489730504,
    0.8185863489730504,
    0.8185863489730504,
    0.8185863489730504,
    0.8185863489730504,
    0.8185863489730504,
    0.8185863489730504,
    0.8185863489730504,
    0.8185863489730504,
    0.8185863489730504,
    0.8185863489730504,
    0.8185863489730504,
    0.8185863489730504,
    0.8185863489730504,
    0.8185863489730504,
    0.8185863489730504,
    0.8185863489730504,
    0.8185863489730504,
    0.8185863489730504,
    0.8185863489730504,
    0.8185863489730504,
    0.8185863489730504,
    0.8185863489730504,
    0.8185863489730504,
    0.8185863489730504,
    0.8185863489730504,
    0.8185863489730504,
    0.8185863489730504,
