{
  "best_fitness": 1.8995421562701218,
  "best_params": {
    "1": [
      0.07431886286582184,
      0.25042712496264097,
      3.1546867295528687
    ],
    "3": [
      0.6657977278861094,
      0.08082302687758655,
      3.690179940214457
    ],
    "6": [
      0.10418703630238003,
      0.1916034659507759,
      0.33684223273317293
    ],
    "8": [
      -0.9822039290645579,
      0.09976685184578754,
      5.458203554991214
    ],
    "11": [
      -0.090186239221914,
      0.21701225860401985,
      0.6185416190683268
    ],
    "13": [
      -0.9152972404331342,
      0.10312392912601076,
      2.724260431748845
    ],
    "16": [
      0.40656074284221927,
      0.24576187027919427,
      3.4179080035326432
    ],
    "18": [
      0.9273554576902678,
      0.27725803374404856,
      4.954118491985232
    ]
  },
  "joint_info": {
    "0": {
      "name": "jointfix_3_0",
      "type": 4,
      "lower_limit": 0.0,
      "upper_limit": -1.0
    },
    "1": {
      "name": "hip_1",
      "type": 0,
      "lower_limit": -0.5235987901687622,
      "upper_limit": 0.5235987901687622
    },
    "2": {
      "name": "jointfix_2_3",
      "type": 4,
      "lower_limit": 0.0,
      "upper_limit": -1.0
    },
    "3": {
      "name": "ankle_1",
      "type": 0,
      "lower_limit": 0.5235987901687622,
      "upper_limit": 1.2217305898666382
    },
    "4": {
      "name": "jointfix_1_5",
      "type": 4,
      "lower_limit": 0.0,
      "upper_limit": -1.0
    },
    "5": {
      "name": "jointfix_7_0",
      "type": 4,
      "lower_limit": 0.0,
      "upper_limit": -1.0
    },
    "6": {
      "name": "hip_2",
      "type": 0,
      "lower_limit": -0.5235987901687622,
      "upper_limit": 0.5235987901687622
    },
    "7": {
      "name": "jointfix_6_8",
      "type": 4,
      "lower_limit": 0.0,
      "upper_limit": -1.0
    },
    "8": {
      "name": "ankle_2",
      "type": 0,
      "lower_limit": -1.2217305898666382,
      "upper_limit": -0.5235987901687622
    },
    "9": {
      "name": "jointfix_5_10",
      "type": 4,
      "lower_limit": 0.0,
      "upper_limit": -1.0
    },
    "10": {
      "name": "jointfix_11_0",
      "type": 4,
      "lower_limit": 0.0,
      "upper_limit": -1.0
    },
    "11": {
      "name": "hip_3",
      "type": 0,
      "lower_limit": -0.5235987901687622,
      "upper_limit": 0.5235987901687622
    },
    "12": {
      "name": "jointfix_10_13",
      "type": 4,
      "lower_limit": 0.0,
      "upper_limit": -1.0
    },
    "13": {
      "name": "ankle_3",
      "type": 0,
      "lower_limit": -1.2217305898666382,
      "upper_limit": -0.5235987901687622
    },
    "14": {
      "name": "jointfix_9_15",
      "type": 4,
      "lower_limit": 0.0,
      "upper_limit": -1.0
    },
    "15": {
      "name": "jointfix_15_0",
      "type": 4,
      "lower_limit": 0.0,
      "upper_limit": -1.0
    },
    "16": {
      "name": "hip_4",
      "type": 0,
      "lower_limit": -0.5235987901687622,
      "upper_limit": 0.5235987901687622
    },
    "17": {
      "name": "jointfix_14_18",
      "type": 4,
      "lower_limit": 0.0,
      "upper_limit": -1.0
    },
    "18": {
      "name": "ankle_4",
      "type": 0,
      "lower_limit": 0.5235987901687622,
      "upper_limit": 1.2217305898666382
    },
    "19": {
      "name": "jointfix_13_20",
      "type": 4,
      "lower_limit": 0.0,
      "upper_limit": -1.0
    }
  },
  "learning_history": [
    0.49935449930346953,
    0.506437650184998,
    0.5232483484238378,
    0.5232483484238378,
    0.6495027467385298,
    0.6495027467385298,
    0.6495027467385298,
    0.6495027467385298,
    0.6495027467385298,
    0.6495027467385298,
    0.6495027467385298,
    0.6753099897046894,
    0.6753099897046894,
    0.6753099897046894,
    0.6753099897046894,
    0.6753099897046894,
    0.6832181627880449,
    0.7896076543020027,
    0.7896076543020027,
    0.7896076543020027,
    0.7896076543020027,
    0.9483688781858471,
    0.9483688781858471,
    1.0644599513662645,
    1.0644599513662645,
    1.0644599513662645,
    1.0644599513662645,
    1.0644599513662645,
    1.1405218807508795,
    1.1405218807508795,
    1.1405218807508795,
    1.2265225041677204,
    1.2265225041677204,
    1.2265225041677204,
    1.2265225041677204,
    1.2265225041677204,
    1.2265225041677204,
    1.6155474099529157,
    1.6155474099529157,
    1.6155474099529157,
    1.6155474099529157,
    1.6583534538181006,
    1.6583534538181006,
    1.6583534538181006,
    1.6583534538181006,
    1.6583534538181006,
    1.6583534538181006,
    1.6583534538181006,
    1.6583534538181006,
    1.6583534538181006,
    1.8995421562701218
  ]
}